variable_source,document_source,role_source,variable_candidate,document_candidate,role_candidate,relation_type,confidence,proposed_canonical_field,reason,question_to_human,recommendation_if_validated
lieu_signature,DOC-001;DOC-002;DOC-003;DOC-004;DOC-005;DOC-006;DOC-007;DOC-008;...(+35),signature / clôture,signature_lieu,DOC-001;DOC-002;DOC-003;DOC-004;DOC-005;DOC-006;DOC-007;DOC-008;...(+34),signature / clôture,SAME_FIELD,0.92,signature.lieu,Alias de lieu de signature observes sur templates/specs/code mapping.,,Rattacher au meme champ canonique en conservant le role/document quand il existe.
date_signature,DOC-001;DOC-002;DOC-003;DOC-005;DOC-006;DOC-007;DOC-008;DOC-009;...(+32),date / échéance,signature_date,DOC-001;DOC-002;DOC-003;DOC-005;DOC-006;DOC-007;DOC-008;DOC-009;...(+33),date / échéance,SAME_FIELD,0.92,signature.date,Alias de date de signature observes sur templates/specs/code mapping.,,Rattacher au meme champ canonique en conservant le role/document quand il existe.
denomination_societe,DOC-002;DOC-003;DOC-004;DOC-005;DOC-006;DOC-007;DOC-008;DOC-013;...(+29),identité / qualification personne,societe_denomination,DOC-001;DOC-002;DOC-003;DOC-004;DOC-005;DOC-006;DOC-007;DOC-008;...(+17),identité / qualification personne,SAME_FIELD,0.92,societe.denomination,Meme denomination de la societe dossier lorsque le role societe est le role principal.,,Rattacher au meme champ canonique en conservant le role/document quand il existe.
forme_sociale,DOC-003;DOC-004;DOC-005;DOC-006;DOC-016;DOC-017;DOC-018;DOC-019;...(+18),identité / qualification société,societe_forme_sociale,DOC-001;DOC-002;DOC-003;DOC-005;DOC-006;DOC-013;DOC-014,identité / qualification société,SAME_FIELD,0.92,societe.forme_sociale,Meme forme sociale de la societe dossier lorsque le role societe est le role principal.,,Rattacher au meme champ canonique en conservant le role/document quand il existe.
capital_social,DOC-002;DOC-003;DOC-004;DOC-005;DOC-006;DOC-015;DOC-016;DOC-017;...(+24),montant / capital / titres,societe_capital_social,DOC-002;DOC-003;DOC-004;DOC-005;DOC-006;DOC-015;DOC-016;DOC-017;...(+11),montant / capital / titres,SAME_FIELD,0.92,societe.capital_social,Meme montant du capital social de la societe dossier lorsque le role societe est le role principal.,,Rattacher au meme champ canonique en conservant le role/document quand il existe.
capital_lettres,DOC-015;DOC-016;DOC-017;DOC-018;DOC-019;DOC-020;DOC-021;DOC-025;...(+9),montant / capital / titres,societe_capital_social_lettres,DOC-015;DOC-016;DOC-017;DOC-018;DOC-019;DOC-020;DOC-021,montant / capital / titres,SAME_FIELD,0.92,societe.capital_social_lettres,Version lettres du meme capital social principal.,,Rattacher au meme champ canonique en conservant le role/document quand il existe.
numero_rcs,DOC-026;DOC-027;DOC-028;DOC-030;DOC-031;DOC-032;DOC-033,identité / qualification société,societe_numero_rcs,DOC-026;DOC-027;DOC-028;DOC-030,identité / qualification société,SAME_FIELD,0.92,societe.rcs.numero,"Numero RCS de la societe dossier, hors roles acquereur/cedee/apportee.",,Rattacher au meme champ canonique en conservant le role/document quand il existe.
ville_rcs,DOC-003;DOC-004;DOC-007;DOC-008;DOC-019;DOC-020;DOC-021;DOC-023;...(+15),adresse / localisation,societe_ville_rcs,DOC-004;DOC-015;DOC-019;DOC-020;DOC-021;DOC-023;DOC-024;DOC-026;...(+3),adresse / localisation,SAME_FIELD,0.92,societe.rcs.ville,"Ville RCS de la societe dossier, hors roles acquereur/cedee/apportee.",,Rattacher au meme champ canonique en conservant le role/document quand il existe.
adresse_siege,DOC-007;DOC-008;DOC-013;DOC-014;DOC-015;DOC-016;DOC-017;DOC-018;...(+22),adresse / localisation,societe_siege_adresse_affichee,DOC-007;DOC-008;DOC-013;DOC-014;DOC-015;DOC-016;DOC-017;DOC-018;...(+9),adresse / localisation,SAME_FIELD,0.92,societe.siege.adresse_affichee,Adresse du siege sous forme affichee de la societe dossier.,,Rattacher au meme champ canonique en conservant le role/document quand il existe.
cp_siege,DOC-002;DOC-003;DOC-004;DOC-005;DOC-006;DOC-013;DOC-014;DOC-019;...(+13),adresse / localisation,societe_siege_cp,DOC-001;DOC-002;DOC-003;DOC-004;DOC-005;DOC-006;DOC-013;DOC-014;...(+5),adresse / localisation,SAME_FIELD,0.92,societe.siege.cp,Code postal du siege de la societe dossier.,,Rattacher au meme champ canonique en conservant le role/document quand il existe.
ville_siege,DOC-002;DOC-003;DOC-004;DOC-005;DOC-006;DOC-013;DOC-014;DOC-019;...(+13),adresse / localisation,societe_siege_ville,DOC-001;DOC-002;DOC-003;DOC-004;DOC-005;DOC-006;DOC-013;DOC-014;...(+5),adresse / localisation,SAME_FIELD,0.92,societe.siege.ville,Ville du siege de la societe dossier.,,Rattacher au meme champ canonique en conservant le role/document quand il existe.
num_voie_siege,DOC-002;DOC-003;DOC-004;DOC-005;DOC-006;DOC-019;DOC-020;DOC-021;...(+11),adresse / localisation,societe_siege_num_voie,DOC-001;DOC-002;DOC-003;DOC-004;DOC-005;DOC-006;DOC-019;DOC-020;...(+3),adresse / localisation,SAME_FIELD,0.92,societe.siege.num_voie,Numero de voie du siege de la societe dossier.,,Rattacher au meme champ canonique en conservant le role/document quand il existe.
voie_siege,DOC-002;DOC-003;DOC-004;DOC-005;DOC-006;DOC-019;DOC-020;DOC-021;...(+11),adresse / localisation,societe_siege_voie,DOC-001;DOC-002;DOC-003;DOC-004;DOC-005;DOC-006;DOC-019;DOC-020;...(+3),adresse / localisation,SAME_FIELD,0.92,societe.siege.voie,Voie du siege de la societe dossier.,,Rattacher au meme champ canonique en conservant le role/document quand il existe.
nombre_exemplaires_lettres,DOC-005;DOC-006;DOC-007;DOC-008;DOC-009;DOC-010;DOC-011;DOC-012;...(+17),montant / capital / titres,signature_nombre_exemplaires_lettres,DOC-016;DOC-017;DOC-018;DOC-019;DOC-020;DOC-021;DOC-031;DOC-032;...(+1),montant / capital / titres,SAME_FIELD,0.92,signature.nombre_exemplaires_lettres,"Nombre d exemplaires signe, version lettres.",,Rattacher au meme champ canonique en conservant le role/document quand il existe.
ordre_departemental,DOC-015;DOC-016;DOC-017;DOC-018;DOC-035;DOC-036;DOC-037;DOC-038;...(+5),identité / qualification personne,ordre_departement,DOC-013;DOC-014,identité / qualification personne,SAME_FIELD,0.92,ordre.departemental,Departement ou conseil ordinal de reference lorsque le role ordinal est le meme.,,Rattacher au meme champ canonique en conservant le role/document quand il existe.
numero_rpps,DOC-015;DOC-016;DOC-017;DOC-018;DOC-035;DOC-036;DOC-037;DOC-038;...(+5),identité / qualification personne,ordre_numero_rpps,DOC-035;DOC-036;DOC-037;DOC-038;DOC-039;DOC-040;DOC-041;DOC-042;...(+1),identité / qualification personne,SAME_FIELD,0.92,personne.{role}.numero_rpps,"Numero RPPS d une personne professionnelle, role a conserver.",,Rattacher au meme champ canonique en conservant le role/document quand il existe.
adresse_siege,DOC-007;DOC-008;DOC-013;DOC-014;DOC-015;DOC-016;DOC-017;DOC-018;...(+22),adresse / localisation,societe_siege_num_voie,DOC-001;DOC-002;DOC-003;DOC-004;DOC-005;DOC-006;DOC-019;DOC-020;...(+3),adresse / localisation,SAME_DATA_DIFFERENT_SHAPE,0.82,societe.siege.adresse,"Meme donnee probable mais exposee en forme affichee/agregatee, composantes ou version lettres.",Q-002,Modeliser une source structuree et une representation affichee derivee uniquement apres validation.
adresse_siege,DOC-007;DOC-008;DOC-013;DOC-014;DOC-015;DOC-016;DOC-017;DOC-018;...(+22),adresse / localisation,societe_siege_voie,DOC-001;DOC-002;DOC-003;DOC-004;DOC-005;DOC-006;DOC-019;DOC-020;...(+3),adresse / localisation,SAME_DATA_DIFFERENT_SHAPE,0.82,societe.siege.adresse,"Meme donnee probable mais exposee en forme affichee/agregatee, composantes ou version lettres.",Q-002,Modeliser une source structuree et une representation affichee derivee uniquement apres validation.
adresse_siege,DOC-007;DOC-008;DOC-013;DOC-014;DOC-015;DOC-016;DOC-017;DOC-018;...(+22),adresse / localisation,societe_siege_cp,DOC-001;DOC-002;DOC-003;DOC-004;DOC-005;DOC-006;DOC-013;DOC-014;...(+5),adresse / localisation,SAME_DATA_DIFFERENT_SHAPE,0.82,societe.siege.adresse,"Meme donnee probable mais exposee en forme affichee/agregatee, composantes ou version lettres.",Q-002,Modeliser une source structuree et une representation affichee derivee uniquement apres validation.
adresse_siege,DOC-007;DOC-008;DOC-013;DOC-014;DOC-015;DOC-016;DOC-017;DOC-018;...(+22),adresse / localisation,societe_siege_ville,DOC-001;DOC-002;DOC-003;DOC-004;DOC-005;DOC-006;DOC-013;DOC-014;...(+5),adresse / localisation,SAME_DATA_DIFFERENT_SHAPE,0.82,societe.siege.adresse,"Meme donnee probable mais exposee en forme affichee/agregatee, composantes ou version lettres.",Q-002,Modeliser une source structuree et une representation affichee derivee uniquement apres validation.
adresse_siege,DOC-007;DOC-008;DOC-013;DOC-014;DOC-015;DOC-016;DOC-017;DOC-018;...(+22),adresse / localisation,num_voie_siege,DOC-002;DOC-003;DOC-004;DOC-005;DOC-006;DOC-019;DOC-020;DOC-021;...(+11),adresse / localisation,SAME_DATA_DIFFERENT_SHAPE,0.82,societe.siege.adresse,"Meme donnee probable mais exposee en forme affichee/agregatee, composantes ou version lettres.",Q-002,Modeliser une source structuree et une representation affichee derivee uniquement apres validation.
adresse_siege,DOC-007;DOC-008;DOC-013;DOC-014;DOC-015;DOC-016;DOC-017;DOC-018;...(+22),adresse / localisation,voie_siege,DOC-002;DOC-003;DOC-004;DOC-005;DOC-006;DOC-019;DOC-020;DOC-021;...(+11),adresse / localisation,SAME_DATA_DIFFERENT_SHAPE,0.82,societe.siege.adresse,"Meme donnee probable mais exposee en forme affichee/agregatee, composantes ou version lettres.",Q-002,Modeliser une source structuree et une representation affichee derivee uniquement apres validation.
adresse_siege,DOC-007;DOC-008;DOC-013;DOC-014;DOC-015;DOC-016;DOC-017;DOC-018;...(+22),adresse / localisation,cp_siege,DOC-002;DOC-003;DOC-004;DOC-005;DOC-006;DOC-013;DOC-014;DOC-019;...(+13),adresse / localisation,SAME_DATA_DIFFERENT_SHAPE,0.82,societe.siege.adresse,"Meme donnee probable mais exposee en forme affichee/agregatee, composantes ou version lettres.",Q-002,Modeliser une source structuree et une representation affichee derivee uniquement apres validation.
adresse_siege,DOC-007;DOC-008;DOC-013;DOC-014;DOC-015;DOC-016;DOC-017;DOC-018;...(+22),adresse / localisation,ville_siege,DOC-002;DOC-003;DOC-004;DOC-005;DOC-006;DOC-013;DOC-014;DOC-019;...(+13),adresse / localisation,SAME_DATA_DIFFERENT_SHAPE,0.82,societe.siege.adresse,"Meme donnee probable mais exposee en forme affichee/agregatee, composantes ou version lettres.",Q-002,Modeliser une source structuree et une representation affichee derivee uniquement apres validation.
adresse_personnelle,DOC-015;DOC-016;DOC-017;DOC-018;DOC-023;DOC-024;DOC-034;DOC-035;...(+8),adresse / localisation,adresse_personnelle_affichee,DOC-019;DOC-020;DOC-021,adresse / localisation,SAME_DATA_DIFFERENT_SHAPE,0.82,personne.{role}.adresse_personnelle,"Meme donnee probable mais exposee en forme affichee/agregatee, composantes ou version lettres.",Q-002,Modeliser une source structuree et une representation affichee derivee uniquement apres validation.
adresse_personnelle,DOC-015;DOC-016;DOC-017;DOC-018;DOC-023;DOC-024;DOC-034;DOC-035;...(+8),adresse / localisation,personne_signataire_adresse_perso_num_voie,DOC-001;DOC-002;DOC-003,adresse / localisation,SAME_DATA_DIFFERENT_SHAPE,0.82,personne.{role}.adresse_personnelle,"Meme donnee probable mais exposee en forme affichee/agregatee, composantes ou version lettres.",Q-002,Modeliser une source structuree et une representation affichee derivee uniquement apres validation.
adresse_personnelle,DOC-015;DOC-016;DOC-017;DOC-018;DOC-023;DOC-024;DOC-034;DOC-035;...(+8),adresse / localisation,personne_signataire_adresse_perso_voie,DOC-001;DOC-002;DOC-003,adresse / localisation,SAME_DATA_DIFFERENT_SHAPE,0.82,personne.{role}.adresse_personnelle,"Meme donnee probable mais exposee en forme affichee/agregatee, composantes ou version lettres.",Q-002,Modeliser une source structuree et une representation affichee derivee uniquement apres validation.
adresse_personnelle,DOC-015;DOC-016;DOC-017;DOC-018;DOC-023;DOC-024;DOC-034;DOC-035;...(+8),adresse / localisation,personne_signataire_adresse_perso_cp,DOC-001;DOC-002;DOC-003,adresse / localisation,SAME_DATA_DIFFERENT_SHAPE,0.82,personne.{role}.adresse_personnelle,"Meme donnee probable mais exposee en forme affichee/agregatee, composantes ou version lettres.",Q-002,Modeliser une source structuree et une representation affichee derivee uniquement apres validation.
adresse_personnelle,DOC-015;DOC-016;DOC-017;DOC-018;DOC-023;DOC-024;DOC-034;DOC-035;...(+8),adresse / localisation,personne_signataire_adresse_perso_ville,DOC-001;DOC-002;DOC-003,adresse / localisation,SAME_DATA_DIFFERENT_SHAPE,0.82,personne.{role}.adresse_personnelle,"Meme donnee probable mais exposee en forme affichee/agregatee, composantes ou version lettres.",Q-002,Modeliser une source structuree et une representation affichee derivee uniquement apres validation.
domiciliation_adresse_affichee,DOC-002,adresse / localisation,societe_siege_adresse_affichee,DOC-007;DOC-008;DOC-013;DOC-014;DOC-015;DOC-016;DOC-017;DOC-018;...(+9),adresse / localisation,SAME_DATA_DIFFERENT_SHAPE,0.82,domiciliation.adresse_affichee,"Meme donnee probable mais exposee en forme affichee/agregatee, composantes ou version lettres.",Q-003,Modeliser une source structuree et une representation affichee derivee uniquement apres validation.
domiciliation_adresse_affichee,DOC-002,adresse / localisation,adresse_siege,DOC-007;DOC-008;DOC-013;DOC-014;DOC-015;DOC-016;DOC-017;DOC-018;...(+22),adresse / localisation,SAME_DATA_DIFFERENT_SHAPE,0.82,domiciliation.adresse_affichee,"Meme donnee probable mais exposee en forme affichee/agregatee, composantes ou version lettres.",Q-003,Modeliser une source structuree et une representation affichee derivee uniquement apres validation.
capital_social,DOC-002;DOC-003;DOC-004;DOC-005;DOC-006;DOC-015;DOC-016;DOC-017;...(+24),montant / capital / titres,capital_lettres,DOC-015;DOC-016;DOC-017;DOC-018;DOC-019;DOC-020;DOC-021;DOC-025;...(+9),montant / capital / titres,SAME_DATA_DIFFERENT_SHAPE,0.82,societe.capital_social,"Meme donnee probable mais exposee en forme affichee/agregatee, composantes ou version lettres.",,Modeliser une source structuree et une representation affichee derivee uniquement apres validation.
capital_social,DOC-002;DOC-003;DOC-004;DOC-005;DOC-006;DOC-015;DOC-016;DOC-017;...(+24),montant / capital / titres,societe_capital_social_lettres,DOC-015;DOC-016;DOC-017;DOC-018;DOC-019;DOC-020;DOC-021,montant / capital / titres,SAME_DATA_DIFFERENT_SHAPE,0.82,societe.capital_social,"Meme donnee probable mais exposee en forme affichee/agregatee, composantes ou version lettres.",,Modeliser une source structuree et une representation affichee derivee uniquement apres validation.
capital_social,DOC-002;DOC-003;DOC-004;DOC-005;DOC-006;DOC-015;DOC-016;DOC-017;...(+24),montant / capital / titres,capital_montant_lettres,DOC-016;DOC-017;DOC-018,montant / capital / titres,SAME_DATA_DIFFERENT_SHAPE,0.82,societe.capital_social,"Meme donnee probable mais exposee en forme affichee/agregatee, composantes ou version lettres.",,Modeliser une source structuree et une representation affichee derivee uniquement apres validation.
nb_parts,DOC-003;DOC-004;DOC-019;DOC-020;DOC-021;DOC-025,montant / capital / titres,nb_parts_lettres,DOC-019;DOC-020;DOC-021,montant / capital / titres,SAME_DATA_DIFFERENT_SHAPE,0.82,capital.parts.nombre,"Meme donnee probable mais exposee en forme affichee/agregatee, composantes ou version lettres.",,Modeliser une source structuree et une representation affichee derivee uniquement apres validation.
nb_parts,DOC-003;DOC-004;DOC-019;DOC-020;DOC-021;DOC-025,montant / capital / titres,nb_parts_total_lettres,DOC-019;DOC-020;DOC-021,montant / capital / titres,SAME_DATA_DIFFERENT_SHAPE,0.82,capital.parts.nombre,"Meme donnee probable mais exposee en forme affichee/agregatee, composantes ou version lettres.",,Modeliser une source structuree et une representation affichee derivee uniquement apres validation.
nb_parts,DOC-003;DOC-004;DOC-019;DOC-020;DOC-021;DOC-025,montant / capital / titres,parts_nb_lettres,DOC-019;DOC-020;DOC-021,montant / capital / titres,SAME_DATA_DIFFERENT_SHAPE,0.82,capital.parts.nombre,"Meme donnee probable mais exposee en forme affichee/agregatee, composantes ou version lettres.",,Modeliser une source structuree et une representation affichee derivee uniquement apres validation.
prix_global_parts,DOC-031;DOC-032;DOC-033,montant / capital / titres,prix_global_parts_lettres,DOC-031;DOC-032;DOC-033,montant / capital / titres,SAME_DATA_DIFFERENT_SHAPE,0.82,cession.parts.prix_total,"Meme donnee probable mais exposee en forme affichee/agregatee, composantes ou version lettres.",,Modeliser une source structuree et une representation affichee derivee uniquement apres validation.
prix_global_parts,DOC-031;DOC-032;DOC-033,montant / capital / titres,cession_parts_prix_total_lettres,DOC-037;DOC-038;DOC-039;DOC-040;DOC-041;DOC-042;DOC-043,montant / capital / titres,SAME_DATA_DIFFERENT_SHAPE,0.82,cession.parts.prix_total,"Meme donnee probable mais exposee en forme affichee/agregatee, composantes ou version lettres.",,Modeliser une source structuree et une representation affichee derivee uniquement apres validation.
prix_unitaire_part,DOC-029;DOC-031;DOC-032;DOC-033;DOC-037;DOC-038;DOC-039;DOC-040;...(+3),montant / capital / titres,prix_unitaire_part_lettres,DOC-029;DOC-031;DOC-032;DOC-033;DOC-037;DOC-038;DOC-039;DOC-040;...(+3),montant / capital / titres,SAME_DATA_DIFFERENT_SHAPE,0.82,cession.parts.prix_unitaire,"Meme donnee probable mais exposee en forme affichee/agregatee, composantes ou version lettres.",,Modeliser une source structuree et une representation affichee derivee uniquement apres validation.
prix_unitaire_part,DOC-029;DOC-031;DOC-032;DOC-033;DOC-037;DOC-038;DOC-039;DOC-040;...(+3),montant / capital / titres,cession_parts_prix_unitaire_lettres,DOC-037;DOC-038;DOC-039;DOC-040;DOC-041;DOC-042;DOC-043,montant / capital / titres,SAME_DATA_DIFFERENT_SHAPE,0.82,cession.parts.prix_unitaire,"Meme donnee probable mais exposee en forme affichee/agregatee, composantes ou version lettres.",,Modeliser une source structuree et une representation affichee derivee uniquement apres validation.
cession_prix_total,DOC-009;DOC-010;DOC-011;DOC-012,montant / capital / titres,cession_prix_total_lettres,DOC-009;DOC-010;DOC-011;DOC-012,montant / capital / titres,SAME_DATA_DIFFERENT_SHAPE,0.82,cession.cabinet.prix_total,"Meme donnee probable mais exposee en forme affichee/agregatee, composantes ou version lettres.",,Modeliser une source structuree et une representation affichee derivee uniquement apres validation.
cession_prix_total,DOC-009;DOC-010;DOC-011;DOC-012,montant / capital / titres,prix_cession_lettres,DOC-009;DOC-010;DOC-011;DOC-012;DOC-029;DOC-037;DOC-038;DOC-039;...(+4),montant / capital / titres,SAME_DATA_DIFFERENT_SHAPE,0.82,cession.cabinet.prix_total,"Meme donnee probable mais exposee en forme affichee/agregatee, composantes ou version lettres.",,Modeliser une source structuree et une representation affichee derivee uniquement apres validation.
date_pv,DOC-031;DOC-032;DOC-033;DOC-037;DOC-038;DOC-039;DOC-040;DOC-041;...(+2),date / échéance,date_pv_lettres,DOC-031;DOC-032;DOC-033,date / échéance,SAME_DATA_DIFFERENT_SHAPE,0.82,decision.date_pv,"Meme donnee probable mais exposee en forme affichee/agregatee, composantes ou version lettres.",Q-008,Modeliser une source structuree et une representation affichee derivee uniquement apres validation.
date_pv,DOC-031;DOC-032;DOC-033;DOC-037;DOC-038;DOC-039;DOC-040;DOC-041;...(+2),date / échéance,reunion_date_pv,DOC-037;DOC-038;DOC-039;DOC-040;DOC-041;DOC-042;DOC-043,date / échéance,SAME_DATA_DIFFERENT_SHAPE,0.82,decision.date_pv,"Meme donnee probable mais exposee en forme affichee/agregatee, composantes ou version lettres.",Q-008,Modeliser une source structuree et une representation affichee derivee uniquement apres validation.
date_pv,DOC-031;DOC-032;DOC-033;DOC-037;DOC-038;DOC-039;DOC-040;DOC-041;...(+2),date / échéance,scm_cession_agrement_date_pv_lettres,DOC-031;DOC-032;DOC-033,date / échéance,SAME_DATA_DIFFERENT_SHAPE,0.82,decision.date_pv,"Meme donnee probable mais exposee en forme affichee/agregatee, composantes ou version lettres.",Q-008,Modeliser une source structuree et une representation affichee derivee uniquement apres validation.
signataire_nom,DOC-001;DOC-002;DOC-003;DOC-013;DOC-014;DOC-034,identité / qualification personne,dirigeant_nomine_nom,DOC-003;DOC-004,identité / qualification personne,EXPLICIT_REUSE_ONLY,0.74,personne.signataire.nom / personne.dirigeant_nomine.nom,"Le signataire peut etre le dirigeant nomme dans certains dossiers, mais cette reutilisation depend du cas.",Q-001,"Autoriser une reutilisation conditionnelle dans le futur front, avec case/role explicite et sans fusion de stockage."
signataire_prenom,DOC-001;DOC-002;DOC-003;DOC-013;DOC-014;DOC-034,identité / qualification personne,dirigeant_nomine_prenom,DOC-003;DOC-004,identité / qualification personne,EXPLICIT_REUSE_ONLY,0.74,personne.signataire.prenom / personne.dirigeant_nomine.prenom,"Le signataire peut etre le dirigeant nomme dans certains dossiers, mais cette reutilisation depend du cas.",Q-001,"Autoriser une reutilisation conditionnelle dans le futur front, avec case/role explicite et sans fusion de stockage."
president_nom,DOC-015;DOC-023;DOC-024,identité / qualification personne,actionnaire_unique_nom,DOC-015;DOC-023;DOC-024,identité / qualification personne,EXPLICIT_REUSE_ONLY,0.74,personne.president.nom / personne.actionnaire_unique.nom,"En SAS/SPFPL unipersonnelle, le president peut etre l actionnaire unique, sans fusion par defaut.",Q-001,"Autoriser une reutilisation conditionnelle dans le futur front, avec case/role explicite et sans fusion de stockage."
president_prenom,DOC-015;DOC-023;DOC-024,identité / qualification personne,actionnaire_unique_prenom,DOC-015;DOC-023;DOC-024,identité / qualification personne,EXPLICIT_REUSE_ONLY,0.74,personne.president.prenom / personne.actionnaire_unique.prenom,"En SAS/SPFPL unipersonnelle, le president peut etre l actionnaire unique, sans fusion par defaut.",Q-001,"Autoriser une reutilisation conditionnelle dans le futur front, avec case/role explicite et sans fusion de stockage."
associes_list_nom,DOC-026;DOC-027;DOC-028;DOC-030;DOC-035;DOC-036;DOC-037;DOC-038;...(+5),identité / qualification personne,dirigeant_nomine_nom,DOC-003;DOC-004,identité / qualification personne,EXPLICIT_REUSE_ONLY,0.74,personne.associe.nom / personne.dirigeant_nomine.nom,"Un dirigeant peut etre choisi parmi les associes, mais doit rester un role explicite.",Q-001,"Autoriser une reutilisation conditionnelle dans le futur front, avec case/role explicite et sans fusion de stockage."
associes_list_prenom,DOC-026;DOC-027;DOC-028;DOC-030;DOC-035;DOC-036;DOC-037;DOC-038;...(+5),identité / qualification personne,dirigeant_nomine_prenom,DOC-003;DOC-004,identité / qualification personne,EXPLICIT_REUSE_ONLY,0.74,personne.associe.prenom / personne.dirigeant_nomine.prenom,"Un dirigeant peut etre choisi parmi les associes, mais doit rester un role explicite.",Q-001,"Autoriser une reutilisation conditionnelle dans le futur front, avec case/role explicite et sans fusion de stockage."
cession_vendeur_nom,DOC-007;DOC-008;DOC-009;DOC-010;DOC-011;DOC-012,identité / qualification personne,cedant_nom,DOC-029;DOC-031;DOC-032;DOC-033;DOC-037;DOC-038;DOC-039;DOC-040;...(+3),identité / qualification personne,EXPLICIT_REUSE_ONLY,0.74,personne.vendeur.nom / personne.cedant.nom,"Vendeur et cedant se recouvrent souvent dans les actes de cession, mais pas toujours selon objet cede.",Q-004,"Autoriser une reutilisation conditionnelle dans le futur front, avec case/role explicite et sans fusion de stockage."
cession_vendeur_prenom,DOC-007;DOC-008;DOC-009;DOC-010;DOC-011;DOC-012,identité / qualification personne,cedant_prenom,DOC-029;DOC-031;DOC-032;DOC-033;DOC-037;DOC-038;DOC-039;DOC-040;...(+3),identité / qualification personne,EXPLICIT_REUSE_ONLY,0.74,personne.vendeur.prenom / personne.cedant.prenom,"Vendeur et cedant se recouvrent souvent dans les actes de cession, mais pas toujours selon objet cede.",Q-004,"Autoriser une reutilisation conditionnelle dans le futur front, avec case/role explicite et sans fusion de stockage."
cession_acquereur_denomination_societe,DOC-007;DOC-008;DOC-009;DOC-010;DOC-011;DOC-012,identité / qualification personne,denomination_societe_cessionnaire,DOC-029;DOC-031;DOC-032;DOC-033;DOC-037;DOC-038;DOC-039;DOC-040;...(+3),identité / qualification personne,EXPLICIT_REUSE_ONLY,0.74,societe.acquereur.denomination / societe.cessionnaire.denomination,Acquereur et cessionnaire peuvent designer la meme partie uniquement par contexte d operation.,Q-004,"Autoriser une reutilisation conditionnelle dans le futur front, avec case/role explicite et sans fusion de stockage."
cessionnaire_representant_nom,DOC-031;DOC-032;DOC-033,identité / qualification personne,cession_acquereur_representant_nom,DOC-009;DOC-010;DOC-011;DOC-012,identité / qualification personne,EXPLICIT_REUSE_ONLY,0.74,personne.representant_cessionnaire.nom / personne.representant_acquereur.nom,Representants proches lexicalement mais rattaches a des parties qui doivent rester explicites.,Q-004,"Autoriser une reutilisation conditionnelle dans le futur front, avec case/role explicite et sans fusion de stockage."
apporteur_nom,DOC-005;DOC-006;DOC-037;DOC-038;DOC-039;DOC-040;DOC-041;DOC-042;...(+1),montant / capital / titres,cedant_nom,DOC-029;DOC-031;DOC-032;DOC-033;DOC-037;DOC-038;DOC-039;DOC-040;...(+3),identité / qualification personne,EXPLICIT_REUSE_ONLY,0.74,personne.apporteur.nom / personne.cedant.nom,Apporteur et cedant ne sont reutilisables que si l operation le dit explicitement.,Q-004,"Autoriser une reutilisation conditionnelle dans le futur front, avec case/role explicite et sans fusion de stockage."
societe_cible_denomination,DOC-023;DOC-024;DOC-029;DOC-035;DOC-036;DOC-037;DOC-038;DOC-039;...(+4),identité / qualification personne,denomination_societe_cedee,DOC-023;DOC-024;DOC-029;DOC-031;DOC-032;DOC-033;DOC-035;DOC-036;...(+7),identité / qualification personne,EXPLICIT_REUSE_ONLY,0.74,societe.cible.denomination / societe.cedee.denomination,"Societe cible et societe cedee peuvent coincider dans une cession, mais pas dans tous les montages.",Q-004,"Autoriser une reutilisation conditionnelle dans le futur front, avec case/role explicite et sans fusion de stockage."
societe_spfpl_denomination,DOC-029;DOC-035;DOC-036;DOC-037;DOC-038;DOC-039;DOC-040;DOC-041;...(+2),identité / qualification personne,societe_cible_denomination,DOC-023;DOC-024;DOC-029;DOC-035;DOC-036;DOC-037;DOC-038;DOC-039;...(+4),identité / qualification personne,EXPLICIT_REUSE_ONLY,0.74,societe.spfpl.denomination / societe.cible.denomination,"La SPFPL peut etre la societe creee, acquereuse ou cible selon le document.",Q-004,"Autoriser une reutilisation conditionnelle dans le futur front, avec case/role explicite et sans fusion de stockage."
personne_signataire_nom,DOC-001;DOC-002;DOC-003,identité / qualification personne,mandataire_nom,DOC-001;DOC-002;DOC-003;DOC-034,identité / qualification personne,EXPLICIT_REUSE_ONLY,0.74,personne.signataire.nom / personne.mandataire.nom,Le mandataire peut signer seulement si une regle de procuration le prevoit.,Q-007,"Autoriser une reutilisation conditionnelle dans le futur front, avec case/role explicite et sans fusion de stockage."
ordre_numero_rpps,DOC-035;DOC-036;DOC-037;DOC-038;DOC-039;DOC-040;DOC-041;DOC-042;...(+1),identité / qualification personne,numero_rpps,DOC-015;DOC-016;DOC-017;DOC-018;DOC-035;DOC-036;DOC-037;DOC-038;...(+5),identité / qualification personne,EXPLICIT_REUSE_ONLY,0.74,personne.{role}.numero_rpps,"Numero professionnel reutilisable pour une personne identifiee, jamais par simple proximite de libelle.",Q-005,"Autoriser une reutilisation conditionnelle dans le futur front, avec case/role explicite et sans fusion de stockage."
ordre_departemental,DOC-015;DOC-016;DOC-017;DOC-018;DOC-035;DOC-036;DOC-037;DOC-038;...(+5),identité / qualification personne,departement_ordre,DOC-037;DOC-038;DOC-039;DOC-040;DOC-041;DOC-042;DOC-043,identité / qualification personne,EXPLICIT_REUSE_ONLY,0.74,ordre.departemental,Departement ordinal et departement de rattachement doivent etre reutilises seulement si le role ordinal est identique.,Q-005,"Autoriser une reutilisation conditionnelle dans le futur front, avec case/role explicite et sans fusion de stockage."
date_signature,DOC-001;DOC-002;DOC-003;DOC-005;DOC-006;DOC-007;DOC-008;DOC-009;...(+32),date / échéance,date_decision,DOC-003;DOC-004,date / échéance,DISTINCT_FIELDS,0.88,date.signature != decision.date,La date de signature et la date de decision peuvent diverger.,Q-008,Conserver deux champs ou deux instances rolees dans le futur schema.
date_signature,DOC-001;DOC-002;DOC-003;DOC-005;DOC-006;DOC-007;DOC-008;DOC-009;...(+32),date / échéance,date_bail,DOC-007;DOC-008;DOC-009;DOC-010;DOC-011;DOC-012,date / échéance,DISTINCT_FIELDS,0.88,date.signature != bail.date,La date de signature du document et la date de bail ne sont pas la meme information metier.,Q-008,Conserver deux champs ou deux instances rolees dans le futur schema.
date_signature,DOC-001;DOC-002;DOC-003;DOC-005;DOC-006;DOC-007;DOC-008;DOC-009;...(+32),date / échéance,date_entree_jouissance,DOC-009;DOC-010;DOC-011;DOC-012,date / échéance,DISTINCT_FIELDS,0.88,date.signature != cession.date_entree_jouissance,Date de signature et entree en jouissance doivent rester separees.,Q-008,Conserver deux champs ou deux instances rolees dans le futur schema.
adresse_siege,DOC-007;DOC-008;DOC-013;DOC-014;DOC-015;DOC-016;DOC-017;DOC-018;...(+22),adresse / localisation,adresse_cabinet,DOC-009;DOC-010;DOC-011;DOC-012,adresse / localisation,DISTINCT_FIELDS,0.88,societe.siege.adresse != cabinet.adresse,Siege social et adresse du cabinet peuvent etre differents.,Q-002,Conserver deux champs ou deux instances rolees dans le futur schema.
adresse_siege,DOC-007;DOC-008;DOC-013;DOC-014;DOC-015;DOC-016;DOC-017;DOC-018;...(+22),adresse / localisation,adresse_lieu_exercice,DOC-013;DOC-014;DOC-016;DOC-017;DOC-018,adresse / localisation,DISTINCT_FIELDS,0.88,societe.siege.adresse != exercice.adresse,Siege social et lieu d exercice peuvent etre differents.,Q-002,Conserver deux champs ou deux instances rolees dans le futur schema.
adresse_personnelle,DOC-015;DOC-016;DOC-017;DOC-018;DOC-023;DOC-024;DOC-034;DOC-035;...(+8),adresse / localisation,adresse_siege,DOC-007;DOC-008;DOC-013;DOC-014;DOC-015;DOC-016;DOC-017;DOC-018;...(+22),adresse / localisation,DISTINCT_FIELDS,0.88,personne.adresse_personnelle != societe.siege.adresse,Adresse personnelle et siege social ne doivent jamais fusionner par defaut.,Q-002,Conserver deux champs ou deux instances rolees dans le futur schema.
capital_social,DOC-002;DOC-003;DOC-004;DOC-005;DOC-006;DOC-015;DOC-016;DOC-017;...(+24),montant / capital / titres,capital_social_acquereur,DOC-009;DOC-010;DOC-011;DOC-012,montant / capital / titres,DISTINCT_FIELDS,0.88,societe.cible.capital_social != societe.acquereur.capital_social,Deux societes differentes peuvent porter chacune un capital social.,Q-006,Conserver deux champs ou deux instances rolees dans le futur schema.
capital_social_societe_cedee,DOC-029;DOC-031;DOC-032;DOC-033;DOC-037;DOC-038;DOC-039;DOC-040;...(+3),montant / capital / titres,capital_social_acquereur,DOC-009;DOC-010;DOC-011;DOC-012,montant / capital / titres,DISTINCT_FIELDS,0.88,societe.cedee.capital_social != societe.acquereur.capital_social,Societe cedee et acquereur sont deux entites distinctes.,Q-006,Conserver deux champs ou deux instances rolees dans le futur schema.
prix_unitaire_part,DOC-029;DOC-031;DOC-032;DOC-033;DOC-037;DOC-038;DOC-039;DOC-040;...(+3),montant / capital / titres,prix_global_parts,DOC-031;DOC-032;DOC-033,montant / capital / titres,DISTINCT_FIELDS,0.88,cession.parts.prix_unitaire != cession.parts.prix_total,Prix unitaire et prix global sont lies par calcul potentiel mais ne sont pas le meme champ.,Q-006,Conserver deux champs ou deux instances rolees dans le futur schema.
cession_prix_elements_corporels,DOC-009;DOC-010;DOC-011;DOC-012,montant / capital / titres,cession_prix_elements_incorporels,DOC-009;DOC-010;DOC-011;DOC-012,montant / capital / titres,DISTINCT_FIELDS,0.88,cession.cabinet.prix_corporel != cession.cabinet.prix_incorporel,Les composantes corporelles et incorporelles du prix sont distinctes.,Q-006,Conserver deux champs ou deux instances rolees dans le futur schema.
numero_rcs,DOC-026;DOC-027;DOC-028;DOC-030;DOC-031;DOC-032;DOC-033,identité / qualification société,numero_rcs_societe_cedee,DOC-023;DOC-024;DOC-029;DOC-031;DOC-032;DOC-033;DOC-035;DOC-036;...(+7),identité / qualification société,DISTINCT_FIELDS,0.88,societe.dossier.rcs != societe.cedee.rcs,Le RCS de la societe dossier ne doit pas absorber celui de la societe cedee.,Q-004,Conserver deux champs ou deux instances rolees dans le futur schema.
ville_rcs,DOC-003;DOC-004;DOC-007;DOC-008;DOC-019;DOC-020;DOC-021;DOC-023;...(+15),adresse / localisation,ville_rcs_societe_apportee,DOC-037;DOC-038;DOC-039;DOC-040;DOC-041;DOC-042;DOC-043,montant / capital / titres,DISTINCT_FIELDS,0.88,societe.dossier.rcs_ville != societe.apportee.rcs_ville,La ville RCS depend de l entite societaire.,Q-004,Conserver deux champs ou deux instances rolees dans le futur schema.
nom_banque,DOC-007;DOC-008;DOC-015;DOC-016;DOC-017;DOC-018;DOC-019;DOC-020;...(+11),identité / qualification personne,depot_fonds_banque_nom,DOC-015,identité / qualification personne,DISTINCT_FIELDS,0.88,banque.financement.nom != banque.depot_fonds.nom,La banque de financement et la banque de depot peuvent etre distinctes.,Q-010,Conserver deux champs ou deux instances rolees dans le futur schema.
adresse_service_enregistrement,DOC-031;DOC-032;DOC-033,adresse / localisation,adresse_impots_ligne_1,DOC-022,adresse / localisation,DISTINCT_FIELDS,0.88,service_enregistrement.adresse != impots.adresse_ligne,Administration fiscale et service enregistrement peuvent etre des constantes locales distinctes.,Q-010,Conserver deux champs ou deux instances rolees dans le futur schema.
conjoint_nom,DOC-005;DOC-006;DOC-016;DOC-017;DOC-018,identité / qualification personne,associes_list_nom,DOC-026;DOC-027;DOC-028;DOC-030;DOC-035;DOC-036;DOC-037;DOC-038;...(+5),identité / qualification personne,DISTINCT_FIELDS,0.88,personne.conjoint.nom != personne.associe.nom,Conjoint et associe sont des roles differents par defaut.,Q-001,Conserver deux champs ou deux instances rolees dans le futur schema.
nom_personne_2,DOC-003;DOC-004;DOC-016;DOC-017;DOC-018;DOC-019;DOC-020;DOC-021;...(+15),identité / qualification personne,associes_list_nom,DOC-026;DOC-027;DOC-028;DOC-030;DOC-035;DOC-036;DOC-037;DOC-038;...(+5),identité / qualification personne,UNCERTAIN_REQUIRES_HUMAN_DECISION,0.50,personne.{role}.nom,Index personne_2 visible dans les templates legacy sans role metier stable.,Q-001,Demander un arbitrage et documenter la regle avant toute fusion ou reutilisation.
prenom_personne_2,DOC-003;DOC-004;DOC-016;DOC-017;DOC-018;DOC-019;DOC-020;DOC-021;...(+15),identité / qualification personne,associes_list_prenom,DOC-026;DOC-027;DOC-028;DOC-030;DOC-035;DOC-036;DOC-037;DOC-038;...(+5),identité / qualification personne,UNCERTAIN_REQUIRES_HUMAN_DECISION,0.50,personne.{role}.prenom,Index personne_2 visible dans les templates legacy sans role metier stable.,Q-001,Demander un arbitrage et documenter la regle avant toute fusion ou reutilisation.
civilite_personne_1,DOC-003;DOC-004;DOC-019;DOC-020;DOC-021;DOC-022;DOC-025;DOC-026;...(+8),identité / qualification personne,signataire_civilite_affichage,DOC-001;DOC-002;DOC-003;DOC-013;DOC-014,identité / qualification personne,UNCERTAIN_REQUIRES_HUMAN_DECISION,0.50,personne.{role}.civilite_affichage,"personne_1 peut etre signataire, associe ou autre selon document.",Q-001,Demander un arbitrage et documenter la regle avant toute fusion ou reutilisation.
cp_ville_personne_1,DOC-043,adresse / localisation,signataire_adresse_personnelle_cp,DOC-001;DOC-003,adresse / localisation,UNCERTAIN_REQUIRES_HUMAN_DECISION,0.50,personne.{role}.adresse_personnelle,Forme composite cp/ville et role personne_1 non stabilise.,Q-002,Demander un arbitrage et documenter la regle avant toute fusion ou reutilisation.
dossier_structure,DOC-005;DOC-006;DOC-007;DOC-008;DOC-009;DOC-010;DOC-011;DOC-012;...(+31),à qualifier,dossier_options_cession,DOC-007;DOC-008;DOC-009;DOC-010;DOC-011;DOC-012;DOC-029;DOC-035;...(+7),condition / option,UNCERTAIN_REQUIRES_HUMAN_DECISION,0.50,dossier.options,Option technique/specification pouvant representer une decision UI ou une derivee.,Q-009,Demander un arbitrage et documenter la regle avant toute fusion ou reutilisation.
associes_list,DOC-001;DOC-002;DOC-003;DOC-004;DOC-013;DOC-014;DOC-015;DOC-016;...(+19),collection répétable,associe_nom,DOC-004;DOC-016;DOC-017;DOC-018,identité / qualification personne,UNCERTAIN_REQUIRES_HUMAN_DECISION,0.50,personnes.associes[],Collection associes vs champs scalaires associe doivent etre arbitres pour l UI.,Q-001,Demander un arbitrage et documenter la regle avant toute fusion ou reutilisation.
signataires_list,DOC-019;DOC-020;DOC-021;DOC-025,signature / clôture,document_signataire_nom,DOC-007;DOC-008,identité / qualification personne,UNCERTAIN_REQUIRES_HUMAN_DECISION,0.50,personnes.signataires[],Liste de signataires vs signataire unique depend du document.,Q-007,Demander un arbitrage et documenter la regle avant toute fusion ou reutilisation.
capital_souscription_souscripteurs_list,DOC-023;DOC-024;DOC-035;DOC-036;DOC-037;DOC-038;DOC-039;DOC-040;...(+3),montant / capital / titres,associes_list,DOC-001;DOC-002;DOC-003;DOC-004;DOC-013;DOC-014;DOC-015;DOC-016;...(+19),collection répétable,UNCERTAIN_REQUIRES_HUMAN_DECISION,0.50,capital.souscription.souscripteurs[],Souscripteurs et associes peuvent diverger avant/apres operation.,Q-006,Demander un arbitrage et documenter la regle avant toute fusion ou reutilisation.
site_declare_adresse_affichee,DOC-013;DOC-014,adresse / localisation,adresse_lieu_exercice,DOC-013;DOC-014;DOC-016;DOC-017;DOC-018,adresse / localisation,UNCERTAIN_REQUIRES_HUMAN_DECISION,0.50,exercice.site_declare.adresse,Site declare et lieu d exercice semblent proches mais pas garantis identiques.,Q-002,Demander un arbitrage et documenter la regle avant toute fusion ou reutilisation.
societe_cible_denomination,DOC-023;DOC-024;DOC-029;DOC-035;DOC-036;DOC-037;DOC-038;DOC-039;...(+4),identité / qualification personne,NO_TEMPLATE_OR_CODE_MAPPING_SIGNAL,,,UNCERTAIN_REQUIRES_HUMAN_DECISION,0.40,to_qualify.source_spec_only,Variable observee uniquement en spec_delivery dans l inventaire brut; verifier si elle doit entrer dans le front ou rester une derivee/spec locale.,Q-009,Ne pas demander au front tant que le template ou le mapping code ne confirme pas le besoin de saisie.
societe_cible_numero_rcs,DOC-023;DOC-024;DOC-029;DOC-035;DOC-036;DOC-037;DOC-038;DOC-039;...(+4),identité / qualification société,NO_TEMPLATE_OR_CODE_MAPPING_SIGNAL,,,UNCERTAIN_REQUIRES_HUMAN_DECISION,0.40,to_qualify.source_spec_only,Variable observee uniquement en spec_delivery dans l inventaire brut; verifier si elle doit entrer dans le front ou rester une derivee/spec locale.,Q-009,Ne pas demander au front tant que le template ou le mapping code ne confirme pas le besoin de saisie.
societe_cible_siege_adresse_affichee,DOC-023;DOC-024;DOC-029;DOC-035;DOC-036;DOC-037;DOC-038;DOC-039;...(+4),adresse / localisation,NO_TEMPLATE_OR_CODE_MAPPING_SIGNAL,,,UNCERTAIN_REQUIRES_HUMAN_DECISION,0.40,to_qualify.source_spec_only,Variable observee uniquement en spec_delivery dans l inventaire brut; verifier si elle doit entrer dans le front ou rester une derivee/spec locale.,Q-009,Ne pas demander au front tant que le template ou le mapping code ne confirme pas le besoin de saisie.
societe_cible_ville_rcs,DOC-023;DOC-024;DOC-029;DOC-035;DOC-036;DOC-037;DOC-038;DOC-039;...(+4),adresse / localisation,NO_TEMPLATE_OR_CODE_MAPPING_SIGNAL,,,UNCERTAIN_REQUIRES_HUMAN_DECISION,0.40,to_qualify.source_spec_only,Variable observee uniquement en spec_delivery dans l inventaire brut; verifier si elle doit entrer dans le front ou rester une derivee/spec locale.,Q-009,Ne pas demander au front tant que le template ou le mapping code ne confirme pas le besoin de saisie.
apport_titres_nb_parts,DOC-023;DOC-024;DOC-035;DOC-036;DOC-037;DOC-038;DOC-039;DOC-040;...(+3),montant / capital / titres,NO_TEMPLATE_OR_CODE_MAPPING_SIGNAL,,,UNCERTAIN_REQUIRES_HUMAN_DECISION,0.40,to_qualify.source_spec_only,Variable observee uniquement en spec_delivery dans l inventaire brut; verifier si elle doit entrer dans le front ou rester une derivee/spec locale.,Q-009,Ne pas demander au front tant que le template ou le mapping code ne confirme pas le besoin de saisie.
capital_souscription_nb_actions_total,DOC-023;DOC-024;DOC-035;DOC-036;DOC-037;DOC-038;DOC-039;DOC-040;...(+3),montant / capital / titres,NO_TEMPLATE_OR_CODE_MAPPING_SIGNAL,,,UNCERTAIN_REQUIRES_HUMAN_DECISION,0.40,to_qualify.source_spec_only,Variable observee uniquement en spec_delivery dans l inventaire brut; verifier si elle doit entrer dans le front ou rester une derivee/spec locale.,Q-009,Ne pas demander au front tant que le template ou le mapping code ne confirme pas le besoin de saisie.
capital_souscription_valeur_nominale_action,DOC-023;DOC-024;DOC-035;DOC-036;DOC-037;DOC-038;DOC-039;DOC-040;...(+3),montant / capital / titres,NO_TEMPLATE_OR_CODE_MAPPING_SIGNAL,,,UNCERTAIN_REQUIRES_HUMAN_DECISION,0.40,to_qualify.source_spec_only,Variable observee uniquement en spec_delivery dans l inventaire brut; verifier si elle doit entrer dans le front ou rester une derivee/spec locale.,Q-009,Ne pas demander au front tant que le template ou le mapping code ne confirme pas le besoin de saisie.
societe_spfpl_capital_social,DOC-029;DOC-035;DOC-036;DOC-037;DOC-038;DOC-039;DOC-040;DOC-041;...(+2),montant / capital / titres,NO_TEMPLATE_OR_CODE_MAPPING_SIGNAL,,,UNCERTAIN_REQUIRES_HUMAN_DECISION,0.40,to_qualify.source_spec_only,Variable observee uniquement en spec_delivery dans l inventaire brut; verifier si elle doit entrer dans le front ou rester une derivee/spec locale.,Q-009,Ne pas demander au front tant que le template ou le mapping code ne confirme pas le besoin de saisie.
societe_spfpl_denomination,DOC-029;DOC-035;DOC-036;DOC-037;DOC-038;DOC-039;DOC-040;DOC-041;...(+2),identité / qualification personne,NO_TEMPLATE_OR_CODE_MAPPING_SIGNAL,,,UNCERTAIN_REQUIRES_HUMAN_DECISION,0.40,to_qualify.source_spec_only,Variable observee uniquement en spec_delivery dans l inventaire brut; verifier si elle doit entrer dans le front ou rester une derivee/spec locale.,Q-009,Ne pas demander au front tant que le template ou le mapping code ne confirme pas le besoin de saisie.
societe_spfpl_forme_sociale,DOC-029;DOC-035;DOC-036;DOC-037;DOC-038;DOC-039;DOC-040;DOC-041;...(+2),identité / qualification société,NO_TEMPLATE_OR_CODE_MAPPING_SIGNAL,,,UNCERTAIN_REQUIRES_HUMAN_DECISION,0.40,to_qualify.source_spec_only,Variable observee uniquement en spec_delivery dans l inventaire brut; verifier si elle doit entrer dans le front ou rester une derivee/spec locale.,Q-009,Ne pas demander au front tant que le template ou le mapping code ne confirme pas le besoin de saisie.
societe_spfpl_siege_adresse_affichee,DOC-029;DOC-035;DOC-036;DOC-037;DOC-038;DOC-039;DOC-040;DOC-041;...(+2),adresse / localisation,NO_TEMPLATE_OR_CODE_MAPPING_SIGNAL,,,UNCERTAIN_REQUIRES_HUMAN_DECISION,0.40,to_qualify.source_spec_only,Variable observee uniquement en spec_delivery dans l inventaire brut; verifier si elle doit entrer dans le front ou rester une derivee/spec locale.,Q-009,Ne pas demander au front tant que le template ou le mapping code ne confirme pas le besoin de saisie.
apport_titres_nb_parts_lettres,DOC-035;DOC-036;DOC-037;DOC-038;DOC-039;DOC-040;DOC-041;DOC-042;...(+1),montant / capital / titres,NO_TEMPLATE_OR_CODE_MAPPING_SIGNAL,,,UNCERTAIN_REQUIRES_HUMAN_DECISION,0.40,to_qualify.source_spec_only,Variable observee uniquement en spec_delivery dans l inventaire brut; verifier si elle doit entrer dans le front ou rester une derivee/spec locale.,Q-009,Ne pas demander au front tant que le template ou le mapping code ne confirme pas le besoin de saisie.
apport_titres_plage_parts,DOC-035;DOC-036;DOC-037;DOC-038;DOC-039;DOC-040;DOC-041;DOC-042;...(+1),montant / capital / titres,NO_TEMPLATE_OR_CODE_MAPPING_SIGNAL,,,UNCERTAIN_REQUIRES_HUMAN_DECISION,0.40,to_qualify.source_spec_only,Variable observee uniquement en spec_delivery dans l inventaire brut; verifier si elle doit entrer dans le front ou rester une derivee/spec locale.,Q-009,Ne pas demander au front tant que le template ou le mapping code ne confirme pas le besoin de saisie.
apport_titres_valeur_globale,DOC-035;DOC-036;DOC-037;DOC-038;DOC-039;DOC-040;DOC-041;DOC-042;...(+1),montant / capital / titres,NO_TEMPLATE_OR_CODE_MAPPING_SIGNAL,,,UNCERTAIN_REQUIRES_HUMAN_DECISION,0.40,to_qualify.source_spec_only,Variable observee uniquement en spec_delivery dans l inventaire brut; verifier si elle doit entrer dans le front ou rester une derivee/spec locale.,Q-009,Ne pas demander au front tant que le template ou le mapping code ne confirme pas le besoin de saisie.
capital_souscription_souscripteurs_list,DOC-023;DOC-024;DOC-035;DOC-036;DOC-037;DOC-038;DOC-039;DOC-040;...(+3),montant / capital / titres,NO_TEMPLATE_OR_CODE_MAPPING_SIGNAL,,,UNCERTAIN_REQUIRES_HUMAN_DECISION,0.40,to_qualify.source_spec_only,Variable observee uniquement en spec_delivery dans l inventaire brut; verifier si elle doit entrer dans le front ou rester une derivee/spec locale.,Q-009,Ne pas demander au front tant que le template ou le mapping code ne confirme pas le besoin de saisie.
societe_siege_adresse_affichee,DOC-007;DOC-008;DOC-013;DOC-014;DOC-015;DOC-016;DOC-017;DOC-018;...(+9),adresse / localisation,NO_TEMPLATE_OR_CODE_MAPPING_SIGNAL,,,UNCERTAIN_REQUIRES_HUMAN_DECISION,0.40,to_qualify.source_spec_only,Variable observee uniquement en spec_delivery dans l inventaire brut; verifier si elle doit entrer dans le front ou rester une derivee/spec locale.,Q-009,Ne pas demander au front tant que le template ou le mapping code ne confirme pas le besoin de saisie.
societe_cible_forme_sociale,DOC-023;DOC-024;DOC-029;DOC-035;DOC-036;DOC-037;DOC-038;DOC-039;...(+4),identité / qualification société,NO_TEMPLATE_OR_CODE_MAPPING_SIGNAL,,,UNCERTAIN_REQUIRES_HUMAN_DECISION,0.40,to_qualify.source_spec_only,Variable observee uniquement en spec_delivery dans l inventaire brut; verifier si elle doit entrer dans le front ou rester une derivee/spec locale.,Q-009,Ne pas demander au front tant que le template ou le mapping code ne confirme pas le besoin de saisie.
societe_spfpl_forme_sociale_abregee,DOC-029;DOC-035;DOC-036;DOC-037;DOC-038;DOC-039;DOC-040;DOC-041;...(+2),identité / qualification société,NO_TEMPLATE_OR_CODE_MAPPING_SIGNAL,,,UNCERTAIN_REQUIRES_HUMAN_DECISION,0.40,to_qualify.source_spec_only,Variable observee uniquement en spec_delivery dans l inventaire brut; verifier si elle doit entrer dans le front ou rester une derivee/spec locale.,Q-009,Ne pas demander au front tant que le template ou le mapping code ne confirme pas le besoin de saisie.
ordre_ville,DOC-013;DOC-014;DOC-035;DOC-036;DOC-037;DOC-038;DOC-039;DOC-040;...(+3),identité / qualification personne,NO_TEMPLATE_OR_CODE_MAPPING_SIGNAL,,,UNCERTAIN_REQUIRES_HUMAN_DECISION,0.40,to_qualify.source_spec_only,Variable observee uniquement en spec_delivery dans l inventaire brut; verifier si elle doit entrer dans le front ou rester une derivee/spec locale.,Q-009,Ne pas demander au front tant que le template ou le mapping code ne confirme pas le besoin de saisie.
societe_spfpl_siege_cp,DOC-035;DOC-036;DOC-037;DOC-038;DOC-039;DOC-040;DOC-041;DOC-042;...(+1),adresse / localisation,NO_TEMPLATE_OR_CODE_MAPPING_SIGNAL,,,UNCERTAIN_REQUIRES_HUMAN_DECISION,0.40,to_qualify.source_spec_only,Variable observee uniquement en spec_delivery dans l inventaire brut; verifier si elle doit entrer dans le front ou rester une derivee/spec locale.,Q-009,Ne pas demander au front tant que le template ou le mapping code ne confirme pas le besoin de saisie.
societe_spfpl_siege_num_voie,DOC-035;DOC-036;DOC-037;DOC-038;DOC-039;DOC-040;DOC-041;DOC-042;...(+1),adresse / localisation,NO_TEMPLATE_OR_CODE_MAPPING_SIGNAL,,,UNCERTAIN_REQUIRES_HUMAN_DECISION,0.40,to_qualify.source_spec_only,Variable observee uniquement en spec_delivery dans l inventaire brut; verifier si elle doit entrer dans le front ou rester une derivee/spec locale.,Q-009,Ne pas demander au front tant que le template ou le mapping code ne confirme pas le besoin de saisie.
societe_spfpl_siege_ville,DOC-035;DOC-036;DOC-037;DOC-038;DOC-039;DOC-040;DOC-041;DOC-042;...(+1),adresse / localisation,NO_TEMPLATE_OR_CODE_MAPPING_SIGNAL,,,UNCERTAIN_REQUIRES_HUMAN_DECISION,0.40,to_qualify.source_spec_only,Variable observee uniquement en spec_delivery dans l inventaire brut; verifier si elle doit entrer dans le front ou rester une derivee/spec locale.,Q-009,Ne pas demander au front tant que le template ou le mapping code ne confirme pas le besoin de saisie.
societe_spfpl_siege_voie,DOC-035;DOC-036;DOC-037;DOC-038;DOC-039;DOC-040;DOC-041;DOC-042;...(+1),adresse / localisation,NO_TEMPLATE_OR_CODE_MAPPING_SIGNAL,,,UNCERTAIN_REQUIRES_HUMAN_DECISION,0.40,to_qualify.source_spec_only,Variable observee uniquement en spec_delivery dans l inventaire brut; verifier si elle doit entrer dans le front ou rester une derivee/spec locale.,Q-009,Ne pas demander au front tant que le template ou le mapping code ne confirme pas le besoin de saisie.
exercice_social_debut,DOC-015;DOC-035;DOC-036;DOC-037;DOC-038;DOC-039;DOC-040;DOC-041;...(+2),à qualifier,NO_TEMPLATE_OR_CODE_MAPPING_SIGNAL,,,UNCERTAIN_REQUIRES_HUMAN_DECISION,0.40,to_qualify.source_spec_only,Variable observee uniquement en spec_delivery dans l inventaire brut; verifier si elle doit entrer dans le front ou rester une derivee/spec locale.,Q-009,Ne pas demander au front tant que le template ou le mapping code ne confirme pas le besoin de saisie.
exercice_social_fin,DOC-015;DOC-035;DOC-036;DOC-037;DOC-038;DOC-039;DOC-040;DOC-041;...(+2),à qualifier,NO_TEMPLATE_OR_CODE_MAPPING_SIGNAL,,,UNCERTAIN_REQUIRES_HUMAN_DECISION,0.40,to_qualify.source_spec_only,Variable observee uniquement en spec_delivery dans l inventaire brut; verifier si elle doit entrer dans le front ou rester une derivee/spec locale.,Q-009,Ne pas demander au front tant que le template ou le mapping code ne confirme pas le besoin de saisie.
ordre_profession_reglementee,DOC-034;DOC-035;DOC-036;DOC-037;DOC-038;DOC-039;DOC-040;DOC-041;...(+2),identité / qualification personne,NO_TEMPLATE_OR_CODE_MAPPING_SIGNAL,,,UNCERTAIN_REQUIRES_HUMAN_DECISION,0.40,to_qualify.source_spec_only,Variable observee uniquement en spec_delivery dans l inventaire brut; verifier si elle doit entrer dans le front ou rester une derivee/spec locale.,Q-009,Ne pas demander au front tant que le template ou le mapping code ne confirme pas le besoin de saisie.
apport_numeraire_banque_adresse_affichee,DOC-035;DOC-036;DOC-037;DOC-038;DOC-039;DOC-040;DOC-041;DOC-042;...(+1),montant / capital / titres,NO_TEMPLATE_OR_CODE_MAPPING_SIGNAL,,,UNCERTAIN_REQUIRES_HUMAN_DECISION,0.40,to_qualify.source_spec_only,Variable observee uniquement en spec_delivery dans l inventaire brut; verifier si elle doit entrer dans le front ou rester une derivee/spec locale.,Q-009,Ne pas demander au front tant que le template ou le mapping code ne confirme pas le besoin de saisie.
apport_numeraire_banque_nom,DOC-035;DOC-036;DOC-037;DOC-038;DOC-039;DOC-040;DOC-041;DOC-042;...(+1),montant / capital / titres,NO_TEMPLATE_OR_CODE_MAPPING_SIGNAL,,,UNCERTAIN_REQUIRES_HUMAN_DECISION,0.40,to_qualify.source_spec_only,Variable observee uniquement en spec_delivery dans l inventaire brut; verifier si elle doit entrer dans le front ou rester une derivee/spec locale.,Q-009,Ne pas demander au front tant que le template ou le mapping code ne confirme pas le besoin de saisie.
adresse_siege,DOC-007;DOC-008;DOC-013;DOC-014;DOC-015;DOC-016;DOC-017;DOC-018;...(+22),adresse / localisation,NO_V1_CODE_MAPPING_SIGNAL,,,UNCERTAIN_REQUIRES_HUMAN_DECISION,0.45,to_qualify.template_without_v1_mapping,Variable presente dans au moins un template_docx mais absente du code_mapping V1; risque de champ oublie ou legacy non branche.,Q-009,Verifier document par document avant de creer un champ UI global.
nombre_exemplaires_lettres,DOC-005;DOC-006;DOC-007;DOC-008;DOC-009;DOC-010;DOC-011;DOC-012;...(+17),montant / capital / titres,NO_V1_CODE_MAPPING_SIGNAL,,,UNCERTAIN_REQUIRES_HUMAN_DECISION,0.45,to_qualify.template_without_v1_mapping,Variable presente dans au moins un template_docx mais absente du code_mapping V1; risque de champ oublie ou legacy non branche.,Q-009,Verifier document par document avant de creer un champ UI global.
adresse_personnelle,DOC-015;DOC-016;DOC-017;DOC-018;DOC-023;DOC-024;DOC-034;DOC-035;...(+8),adresse / localisation,NO_V1_CODE_MAPPING_SIGNAL,,,UNCERTAIN_REQUIRES_HUMAN_DECISION,0.45,to_qualify.template_without_v1_mapping,Variable presente dans au moins un template_docx mais absente du code_mapping V1; risque de champ oublie ou legacy non branche.,Q-009,Verifier document par document avant de creer un champ UI global.
nom_banque,DOC-007;DOC-008;DOC-015;DOC-016;DOC-017;DOC-018;DOC-019;DOC-020;...(+11),identité / qualification personne,NO_V1_CODE_MAPPING_SIGNAL,,,UNCERTAIN_REQUIRES_HUMAN_DECISION,0.45,to_qualify.template_without_v1_mapping,Variable presente dans au moins un template_docx mais absente du code_mapping V1; risque de champ oublie ou legacy non branche.,Q-009,Verifier document par document avant de creer un champ UI global.
nom_conjoint,DOC-005;DOC-006;DOC-015;DOC-016;DOC-017;DOC-018;DOC-035;DOC-036;...(+7),identité / qualification personne,NO_V1_CODE_MAPPING_SIGNAL,,,UNCERTAIN_REQUIRES_HUMAN_DECISION,0.45,to_qualify.template_without_v1_mapping,Variable presente dans au moins un template_docx mais absente du code_mapping V1; risque de champ oublie ou legacy non branche.,Q-009,Verifier document par document avant de creer un champ UI global.
ordre_departemental,DOC-015;DOC-016;DOC-017;DOC-018;DOC-035;DOC-036;DOC-037;DOC-038;...(+5),identité / qualification personne,NO_V1_CODE_MAPPING_SIGNAL,,,UNCERTAIN_REQUIRES_HUMAN_DECISION,0.45,to_qualify.template_without_v1_mapping,Variable presente dans au moins un template_docx mais absente du code_mapping V1; risque de champ oublie ou legacy non branche.,Q-009,Verifier document par document avant de creer un champ UI global.
profession,DOC-016;DOC-017;DOC-018;DOC-023;DOC-024;DOC-034;DOC-035;DOC-036;...(+7),identité / qualification personne,NO_V1_CODE_MAPPING_SIGNAL,,,UNCERTAIN_REQUIRES_HUMAN_DECISION,0.45,to_qualify.template_without_v1_mapping,Variable presente dans au moins un template_docx mais absente du code_mapping V1; risque de champ oublie ou legacy non branche.,Q-009,Verifier document par document avant de creer un champ UI global.
nb_actions,DOC-015;DOC-016;DOC-017;DOC-018;DOC-023;DOC-024;DOC-029;DOC-035;...(+8),montant / capital / titres,NO_V1_CODE_MAPPING_SIGNAL,,,UNCERTAIN_REQUIRES_HUMAN_DECISION,0.45,to_qualify.template_without_v1_mapping,Variable presente dans au moins un template_docx mais absente du code_mapping V1; risque de champ oublie ou legacy non branche.,Q-009,Verifier document par document avant de creer un champ UI global.
denomination_societe_cedee,DOC-023;DOC-024;DOC-029;DOC-031;DOC-032;DOC-033;DOC-035;DOC-036;...(+7),identité / qualification personne,NO_V1_CODE_MAPPING_SIGNAL,,,UNCERTAIN_REQUIRES_HUMAN_DECISION,0.45,to_qualify.template_without_v1_mapping,Variable presente dans au moins un template_docx mais absente du code_mapping V1; risque de champ oublie ou legacy non branche.,Q-009,Verifier document par document avant de creer un champ UI global.
departement_naissance,DOC-015;DOC-016;DOC-017;DOC-018;DOC-035;DOC-036;DOC-037;DOC-038;...(+5),identité / qualification personne,NO_V1_CODE_MAPPING_SIGNAL,,,UNCERTAIN_REQUIRES_HUMAN_DECISION,0.45,to_qualify.template_without_v1_mapping,Variable presente dans au moins un template_docx mais absente du code_mapping V1; risque de champ oublie ou legacy non branche.,Q-009,Verifier document par document avant de creer un champ UI global.
numero_rcs_societe_cedee,DOC-023;DOC-024;DOC-029;DOC-031;DOC-032;DOC-033;DOC-035;DOC-036;...(+7),identité / qualification société,NO_V1_CODE_MAPPING_SIGNAL,,,UNCERTAIN_REQUIRES_HUMAN_DECISION,0.45,to_qualify.template_without_v1_mapping,Variable presente dans au moins un template_docx mais absente du code_mapping V1; risque de champ oublie ou legacy non branche.,Q-009,Verifier document par document avant de creer un champ UI global.
ville_naissance,DOC-015;DOC-016;DOC-017;DOC-018;DOC-035;DOC-036;DOC-037;DOC-038;...(+5),adresse / localisation,NO_V1_CODE_MAPPING_SIGNAL,,,UNCERTAIN_REQUIRES_HUMAN_DECISION,0.45,to_qualify.template_without_v1_mapping,Variable presente dans au moins un template_docx mais absente du code_mapping V1; risque de champ oublie ou legacy non branche.,Q-009,Verifier document par document avant de creer un champ UI global.
ville_rcs_societe_cedee,DOC-023;DOC-024;DOC-029;DOC-031;DOC-032;DOC-033;DOC-035;DOC-036;...(+7),adresse / localisation,NO_V1_CODE_MAPPING_SIGNAL,,,UNCERTAIN_REQUIRES_HUMAN_DECISION,0.45,to_qualify.template_without_v1_mapping,Variable presente dans au moins un template_docx mais absente du code_mapping V1; risque de champ oublie ou legacy non branche.,Q-009,Verifier document par document avant de creer un champ UI global.
numero_rpps,DOC-015;DOC-016;DOC-017;DOC-018;DOC-035;DOC-036;DOC-037;DOC-038;...(+5),identité / qualification personne,NO_V1_CODE_MAPPING_SIGNAL,,,UNCERTAIN_REQUIRES_HUMAN_DECISION,0.45,to_qualify.template_without_v1_mapping,Variable presente dans au moins un template_docx mais absente du code_mapping V1; risque de champ oublie ou legacy non branche.,Q-009,Verifier document par document avant de creer un champ UI global.
date_cloture_exercice_1,DOC-015;DOC-016;DOC-017;DOC-018;DOC-019;DOC-020;DOC-021;DOC-023;...(+10),date / échéance,NO_V1_CODE_MAPPING_SIGNAL,,,UNCERTAIN_REQUIRES_HUMAN_DECISION,0.45,to_qualify.template_without_v1_mapping,Variable presente dans au moins un template_docx mais absente du code_mapping V1; risque de champ oublie ou legacy non branche.,Q-009,Verifier document par document avant de creer un champ UI global.
capital_lettres,DOC-015;DOC-016;DOC-017;DOC-018;DOC-019;DOC-020;DOC-021;DOC-025;...(+9),montant / capital / titres,NO_V1_CODE_MAPPING_SIGNAL,,,UNCERTAIN_REQUIRES_HUMAN_DECISION,0.45,to_qualify.template_without_v1_mapping,Variable presente dans au moins un template_docx mais absente du code_mapping V1; risque de champ oublie ou legacy non branche.,Q-009,Verifier document par document avant de creer un champ UI global.
profession_reglementee,DOC-016;DOC-017;DOC-018;DOC-029;DOC-034;DOC-035;DOC-036;DOC-037;...(+6),identité / qualification personne,NO_V1_CODE_MAPPING_SIGNAL,,,UNCERTAIN_REQUIRES_HUMAN_DECISION,0.45,to_qualify.template_without_v1_mapping,Variable presente dans au moins un template_docx mais absente du code_mapping V1; risque de champ oublie ou legacy non branche.,Q-009,Verifier document par document avant de creer un champ UI global.
numero_ordre,DOC-015;DOC-016;DOC-017;DOC-018;DOC-035;DOC-036;DOC-037;DOC-038;...(+5),identité / qualification personne,NO_V1_CODE_MAPPING_SIGNAL,,,UNCERTAIN_REQUIRES_HUMAN_DECISION,0.45,to_qualify.template_without_v1_mapping,Variable presente dans au moins un template_docx mais absente du code_mapping V1; risque de champ oublie ou legacy non branche.,Q-009,Verifier document par document avant de creer un champ UI global.
regime_matrimonial,DOC-005;DOC-006;DOC-015;DOC-016;DOC-017;DOC-018;DOC-029;DOC-035;...(+8),à qualifier,NO_V1_CODE_MAPPING_SIGNAL,,,UNCERTAIN_REQUIRES_HUMAN_DECISION,0.45,to_qualify.template_without_v1_mapping,Variable presente dans au moins un template_docx mais absente du code_mapping V1; risque de champ oublie ou legacy non branche.,Q-009,Verifier document par document avant de creer un champ UI global.
nb_parts_apportees,DOC-023;DOC-024;DOC-035;DOC-036;DOC-037;DOC-038;DOC-039;DOC-040;...(+3),montant / capital / titres,NO_V1_CODE_MAPPING_SIGNAL,,,UNCERTAIN_REQUIRES_HUMAN_DECISION,0.45,to_qualify.template_without_v1_mapping,Variable presente dans au moins un template_docx mais absente du code_mapping V1; risque de champ oublie ou legacy non branche.,Q-009,Verifier document par document avant de creer un champ UI global.
prenom_conjoint,DOC-005;DOC-006;DOC-015;DOC-016;DOC-017;DOC-018;DOC-035;DOC-036;...(+7),identité / qualification personne,NO_V1_CODE_MAPPING_SIGNAL,,,UNCERTAIN_REQUIRES_HUMAN_DECISION,0.45,to_qualify.template_without_v1_mapping,Variable presente dans au moins un template_docx mais absente du code_mapping V1; risque de champ oublie ou legacy non branche.,Q-009,Verifier document par document avant de creer un champ UI global.
situation_maritale,DOC-015;DOC-016;DOC-017;DOC-018;DOC-035;DOC-036;DOC-037;DOC-038;...(+5),à qualifier,NO_V1_CODE_MAPPING_SIGNAL,,,UNCERTAIN_REQUIRES_HUMAN_DECISION,0.45,to_qualify.template_without_v1_mapping,Variable presente dans au moins un template_docx mais absente du code_mapping V1; risque de champ oublie ou legacy non branche.,Q-009,Verifier document par document avant de creer un champ UI global.
valeur_nominale_part_lettres,DOC-019;DOC-020;DOC-021;DOC-029;DOC-035;DOC-036;DOC-037;DOC-038;...(+5),montant / capital / titres,NO_V1_CODE_MAPPING_SIGNAL,,,UNCERTAIN_REQUIRES_HUMAN_DECISION,0.45,to_qualify.template_without_v1_mapping,Variable presente dans au moins un template_docx mais absente du code_mapping V1; risque de champ oublie ou legacy non branche.,Q-009,Verifier document par document avant de creer un champ UI global.
ville_ordre,DOC-013;DOC-014;DOC-016;DOC-017;DOC-018;DOC-034;DOC-035;DOC-036;...(+7),adresse / localisation,NO_V1_CODE_MAPPING_SIGNAL,,,UNCERTAIN_REQUIRES_HUMAN_DECISION,0.45,to_qualify.template_without_v1_mapping,Variable presente dans au moins un template_docx mais absente du code_mapping V1; risque de champ oublie ou legacy non branche.,Q-009,Verifier document par document avant de creer un champ UI global.
adresse_banque,DOC-016;DOC-017;DOC-018;DOC-019;DOC-020;DOC-021;DOC-025;DOC-035;...(+8),adresse / localisation,NO_V1_CODE_MAPPING_SIGNAL,,,UNCERTAIN_REQUIRES_HUMAN_DECISION,0.45,to_qualify.template_without_v1_mapping,Variable presente dans au moins un template_docx mais absente du code_mapping V1; risque de champ oublie ou legacy non branche.,Q-009,Verifier document par document avant de creer un champ UI global.
civilite_conjoint,DOC-005;DOC-006;DOC-015;DOC-016;DOC-017;DOC-018;DOC-035;DOC-036;...(+7),identité / qualification personne,NO_V1_CODE_MAPPING_SIGNAL,,,UNCERTAIN_REQUIRES_HUMAN_DECISION,0.45,to_qualify.template_without_v1_mapping,Variable presente dans au moins un template_docx mais absente du code_mapping V1; risque de champ oublie ou legacy non branche.,Q-009,Verifier document par document avant de creer un champ UI global.
plage_parts_cedees,DOC-031;DOC-032;DOC-033;DOC-035;DOC-036;DOC-037;DOC-038;DOC-039;...(+4),montant / capital / titres,NO_V1_CODE_MAPPING_SIGNAL,,,UNCERTAIN_REQUIRES_HUMAN_DECISION,0.45,to_qualify.template_without_v1_mapping,Variable presente dans au moins un template_docx mais absente du code_mapping V1; risque de champ oublie ou legacy non branche.,Q-009,Verifier document par document avant de creer un champ UI global.
valeur_nominale_action_lettres,DOC-015;DOC-016;DOC-017;DOC-018;DOC-035;DOC-036;DOC-037;DOC-038;...(+5),montant / capital / titres,NO_V1_CODE_MAPPING_SIGNAL,,,UNCERTAIN_REQUIRES_HUMAN_DECISION,0.45,to_qualify.template_without_v1_mapping,Variable presente dans au moins un template_docx mais absente du code_mapping V1; risque de champ oublie ou legacy non branche.,Q-009,Verifier document par document avant de creer un champ UI global.
